C#,Java,Javascript
C++,F#,C#
C#,SQL,Python
C#,Objective-C,Java
C#,Visualbasic,Pascal
Java,C#,Scala
Java,Lisp,C++
C#,Java,Visualbasic
Ruby,C#,Java
C#,Java,SML
Python,C++,ML
Python,Matlab,Java
C#,Java,Actionscript
Cobol,Java
C#,Python,Java
C#,Java,F#
Ruby,Python,Haskell
C#,C++,Java
Java,PHP,C#
Java,VB
C#,F#,Python
PHP,C#,C
C++,Actionscript,Java
C#,Java,C++
Python,Java,c++
Python,Prolog,C
C#,F#,Java
C#,C,F#
C#,C,F#
C++,Java
C#,Java,C
Java,C#,Ruby
Python,C#,Java
Python,Objective-C,F#
Java,C#,C++
Java,Python,C#
C#,Java,Python
Python,Java,C++
Java,Javascript,C#
Python,R,Java
Java,Javascript,C#
C#,Actionscript,PHP
C#,Java,C
Clojure,C,Ruby
C#,Java,C
Java,PHP,C#
Python,C#,Javascript
C#,Python,Javascript
C#,Java,Delphi
C#,F#,Java
Java,C#,Groovy
Objective-C,Ruby,C#
Java,C++,Python
C#,Actionscript,COMMON LISP
Perl,Java,Bash
C#,F#,Python
F#,Scala,C#
C#,Java,F#
Python,PHP,Javascript
Java,C#,SML
Java,C#,Objective-C
C#,Scala,Java
C#,F#,Scala
C#
Java,C#,PHP
C#,Java
C#,Java,PHP
Ruby,PHP,Go
C#,Java,C++
C#,C++,Java
Python,PHP
C,C++,Bash
Python,Ruby,C#
C#,Java,Python
Java,Python,Matlab
Python,Java
Python,Java,Lisp
X#,Java,F#
C#,C++
Java,Javascript
C#,Python,F#
Java,Python,C#
Java,PHP,C++
C#,Java
C#,PHP,Java
C#,Java,F#
Python,Java
Java,C#,PHP
Java,C++,Python
Python,Java
Javascript,C#,Python
C#,Java,Python
C#,Python
Java,Javascript,Python
Java,C#,PHP
Java,C#,PHP
Javascript,Objective-C,Python
C#,Java,C++