C#,Java,Python
Python,Java,C++
Java,Javascript,C#
Python,R,Java
Java,Javascript,C#
C#,Actionscript,PHP
C#,Java,C
Clojure,C,Ruby
C#,Java,C
Java,PHP,C#
Python,C#,Javascript
C#,Python,Javascript
C#,Java,Delphi
C#,F#,Java
Java,C#,Groovy
Objective-C,Ruby,C#
Java,C++,Python
C#,Actionscript,COMMON LISP
Perl,Java,Bash
C#,F#,Python
F#,Scala,C#
C#,Java,F#
Python,PHP,Javascript
Java,C#,SML
Java,C#,Objective-C
C#,Scala,Java
C#,F#,Scala
C#
Java,C#,PHP
C#,Java
C#,Java,PHP
Ruby,PHP,Go
C#,Java,C++
C#,C++,Java
Python,PHP
C,C++,Bash
Python,Ruby,C#
C#,Java,Python
Java,Python,Matlab
Python,Java
Python,Java,Lisp
X#,Java,F#
C#,C++
Java,Javascript
C#,Python,F#
Java,Python,C#
Java,PHP,C++
C#,Java
C#,PHP,Java
C#,Java,F#
Python,Java
Java,C#,PHP
Java,C++,Python
Python,Java
Javascript,C#,Python
C#,Java,Python
C#,Python
Java,Javascript,Python
Java,C#,PHP
Java,C#,PHP
Javascript,Objective-C,Python
C#,Java,C++